City_ID,City,Lat,Lng,Max Temp,Humidity,Cloudiness,Wind Speed,Country,Date
0,edinburgh of the seven seas,-37.0676,-12.3116,17.72,99,100,4.28,SH,1703907496
1,mahina,-17.5065,-149.489,29.87,74,40,4.12,PF,1703907497
2,saipan,15.1355,145.701,29.39,70,40,8.75,MP,1703907497
3,lebu,-37.6167,-73.65,12.82,89,2,5.31,CL,1703907497
4,grytviken,-54.2811,-36.5092,-0.54,76,79,3.17,GS,1703907497
5,gadzhiyevo,69.2551,33.3362,-13.98,99,97,1.93,RU,1703907498
6,port elizabeth,-33.918,25.5701,19.62,87,0,7.2,ZA,1703907498
7,port-aux-francais,-49.35,70.2167,4.88,89,83,14.82,TF,1703907498
8,flying fish cove,-10.4217,105.6791,28.82,78,75,6.69,CX,1703907498
9,sitka,57.0531,-135.33,11.94,62,100,8.23,US,1703907316
10,albany,42.6001,-73.9662,5.91,91,100,0.45,US,1703907499
11,ushuaia,-54.8,-68.3,7.81,87,40,1.54,AR,1703907499
12,isafjordur,66.0755,-23.124,-8.82,80,35,1.81,IS,1703907499
13,yazykovo,55.2199,56.1353,-10.02,99,97,1.59,RU,1703907500
14,chibougamau,49.9168,-74.3659,-8.21,93,100,3.6,CA,1703907500
15,puerto natales,-51.7236,-72.4875,13.25,62,75,2.57,CL,1703907500
16,bilibino,68.0546,166.4372,-41.34,98,53,1.26,RU,1703907500
17,jaszkiser,47.45,20.2167,2.0,93,96,3.07,HU,1703907501
18,ancud,-41.8697,-73.8203,10.92,81,0,1.7,CL,1703907501
19,waingapu,-9.6567,120.2641,31.95,60,28,4.28,ID,1703907501
20,oranjemund,-28.55,16.4333,17.37,86,0,1.84,NA,1703907501
21,quelimane,-17.8786,36.8883,23.97,94,75,2.06,MZ,1703907502
22,kununurra,-15.7667,128.7333,38.99,37,72,2.57,AU,1703907259
23,longyearbyen,78.2186,15.6401,-0.09,69,75,8.75,SJ,1703907502
24,conception bay south,47.4999,-52.9981,-0.31,96,100,10.4,CA,1703907362
25,dwarka,22.2394,68.9678,23.56,51,0,2.84,IN,1703907503
26,yellowknife,62.456,-114.3525,-8.71,92,100,3.09,CA,1703907410
27,pavlodar,52.3,76.95,-5.11,74,100,10.0,KZ,1703907503
28,mcalester,34.9334,-95.7697,-0.95,80,0,0.0,US,1703907325
29,wailua homesteads,22.0669,-159.378,25.24,82,33,0.45,US,1703907503
30,west island,-12.1568,96.8225,28.99,74,100,5.14,CC,1703907504
31,hawaiian paradise park,19.5933,-154.9731,21.69,96,100,2.06,US,1703907504
32,ciudad lazaro cardenas,17.9583,-102.2,21.98,79,0,2.06,MX,1703907504
33,kodiak,57.79,-152.4072,-11.27,85,0,3.6,US,1703907505
34,karratha,-20.7377,116.8463,38.81,26,8,4.93,AU,1703907505
35,bandarbeyla,9.4942,50.8122,24.45,75,81,6.19,SO,1703907505
36,invercargill,-46.4,168.35,18.34,62,16,1.79,NZ,1703907505
37,curumani,9.1999,-73.5427,24.28,90,87,0.95,CO,1703907506
38,chernyshevskiy,63.0128,112.4714,-29.78,97,100,1.15,RU,1703907506
39,port alfred,-33.5906,26.891,22.23,83,100,5.11,ZA,1703907506
40,ribeira grande,38.5167,-28.7,16.54,72,40,5.14,PT,1703907506
41,chilliwack,49.1747,-121.9443,13.03,78,100,4.12,CA,1703907507
42,hermanus,-34.4187,19.2345,20.45,87,99,5.06,ZA,1703907507
43,port mathurin,-19.6833,63.4167,27.5,76,63,3.53,MU,1703907508
44,blackmans bay,-43.0167,147.3167,15.29,57,82,2.68,AU,1703907508
45,moro,26.6646,68.0016,18.68,26,51,1.54,PK,1703907508
46,constitucion,-35.3333,-72.4167,13.54,95,34,2.74,CL,1703907508
47,whitehorse,60.7161,-135.0538,-10.57,88,100,1.54,CA,1703907510
48,bethel,41.3712,-73.414,8.34,81,100,3.09,US,1703907510
49,minas de marcona,-15.2119,-75.1103,17.11,86,92,3.5,PE,1703907510
50,laguna,38.421,-121.4238,14.86,89,100,5.14,US,1703907510
51,kayangel,8.0823,134.7173,28.51,80,97,6.67,PW,1703907511
52,dunedin,-45.8742,170.5036,12.67,91,71,1.79,NZ,1703907511
53,georgetown,5.4112,100.3354,28.3,81,40,2.57,MY,1703907227
54,adamstown,-25.066,-130.1015,22.59,77,99,8.08,PN,1703907511
55,nuuk,64.1835,-51.7216,-9.66,73,6,5.14,GL,1703907480
56,kone,-21.0595,164.8658,28.28,64,76,1.31,NC,1703907512
57,enewetak,11.3474,162.3373,27.75,81,92,6.74,MH,1703907512
58,tianshui,34.5439,105.6897,5.51,47,0,0.61,CN,1703907512
59,tambopata,-12.7333,-69.1833,23.26,96,89,0.91,PE,1703907512
60,oriximina,-1.7656,-55.8661,24.35,96,96,0.31,BR,1703907426
61,novyy urgal,51.0736,132.5642,-23.17,86,92,0.49,RU,1703907513
62,udachny,66.4167,112.4,-25.31,83,100,3.44,RU,1703907513
63,stanley,54.868,-1.6985,0.99,92,0,5.14,GB,1703907513
64,khandyga,62.6667,135.6,-43.6,99,99,0.79,RU,1703907514
65,makokou,0.5738,12.8642,22.26,95,100,1.08,GA,1703907514
66,san patricio,28.017,-97.5169,13.24,50,0,3.72,US,1703907514
67,walvis bay,-22.9575,14.5053,16.16,100,0,0.0,NA,1703907514
68,zeya,53.75,127.2667,-24.73,83,4,0.37,RU,1703907515
69,usinsk,65.9939,57.5281,-14.96,91,81,5.81,RU,1703907515
70,zaozersk,69.4005,32.4476,-16.2,99,77,0.84,RU,1703907515
71,chonchi,-42.6128,-73.8092,13.56,84,1,1.75,CL,1703907515
72,lompoc,34.6391,-120.4579,15.56,83,0,4.12,US,1703907516
73,puerto ayora,-0.7393,-90.3518,24.75,95,66,2.24,EC,1703907516
74,iron river,46.0927,-88.6423,-4.58,82,11,1.13,US,1703907516
75,waitangi,-43.9535,-176.5597,18.79,94,100,4.47,NZ,1703907516
76,carnarvon,-24.8667,113.6333,25.04,63,22,5.84,AU,1703907517
77,keflavik,64.0049,-22.5624,-2.76,86,75,6.17,IS,1703907517
78,happy valley-goose bay,53.3168,-60.3315,-8.83,86,100,1.54,CA,1703907517
79,jaisalmer,26.9147,70.9181,17.17,30,97,3.81,IN,1703907517
80,katsuura,35.1333,140.3,13.66,52,0,1.27,JP,1703907518
81,mocoreta,-30.6189,-57.9634,20.46,62,12,6.73,AR,1703907518
82,mezhdurechenskiy,59.6,65.9333,-8.06,93,100,7.76,RU,1703907518
83,viedma,-40.8135,-62.9967,12.63,58,45,1.72,AR,1703907518
84,floro,61.5996,5.0328,5.54,93,20,2.06,NO,1703907518
85,yondo,7.0062,-73.9097,22.99,99,66,0.12,CO,1703907466
86,ad dabbah,18.05,30.95,14.4,50,0,3.81,SD,1703907519
87,soc trang,9.6033,105.98,31.51,57,56,4.03,VN,1703907519
88,colonia,50.9333,6.95,9.36,80,100,4.63,DE,1703907470
89,lazaro cardenas,17.9583,-102.2,21.98,79,0,2.06,MX,1703907519
90,carutapera,-1.195,-46.02,25.67,89,96,2.51,BR,1703907520
91,avarua,-21.2078,-159.775,28.03,65,62,5.14,CK,1703907344
92,monrovia,6.3005,-10.7969,25.3,84,4,0.8,LR,1703907253
93,huayin,34.5675,110.0921,10.65,42,0,4.15,CN,1703907520
94,shanwei,22.782,115.3475,21.06,60,48,1.47,CN,1703907521
95,lihue,21.9789,-159.3672,25.58,75,27,3.89,US,1703907521
96,folkston,30.8305,-82.0098,2.88,84,2,1.58,US,1703907249
97,haiku-pauwela,20.9219,-156.3051,22.01,76,40,6.69,US,1703907521
98,eydhafushi,5.1033,73.0708,27.05,83,89,8.19,MV,1703907522
99,phan rang-thap cham,11.5667,108.9833,31.0,54,47,6.12,VN,1703907522
100,diego de almagro,-26.3667,-70.05,18.86,48,5,0.15,CL,1703907522
101,sisimiut,66.9395,-53.6735,-14.6,70,100,6.5,GL,1703907522
102,ad dilam,23.9915,47.1627,14.23,50,38,2.3,SA,1703907523
103,ago-are,8.5,3.4167,22.02,23,2,1.17,NG,1703907523
104,tindouf,27.6711,-8.1474,8.25,27,0,2.57,DZ,1703907523
105,college,64.8569,-147.8028,-32.82,71,20,0.0,US,1703907523
106,touros,-5.1989,-35.4608,25.85,80,98,3.8,BR,1703907523
107,markovo,57.3206,107.0881,-11.62,96,88,1.37,RU,1703907524
108,la passe,45.5549,-0.8967,7.13,94,85,3.51,FR,1703907524
109,petropavlovsk-kamchatsky,53.0452,158.6483,-11.67,85,75,6.26,RU,1703907524
110,nova sintra,14.8667,-24.7167,23.42,69,95,2.03,CV,1703907524
111,homer,59.6425,-151.5483,-12.07,78,0,3.09,US,1703907368
112,margaret river,-33.95,115.0667,21.72,67,93,3.62,AU,1703907525
113,sabang,5.8933,95.3214,26.54,85,100,8.58,ID,1703907525
114,kapa'a,22.0752,-159.319,25.99,82,24,0.45,US,1703907525
115,grand baie,-20.0182,57.5802,26.36,80,50,1.34,MU,1703907525
116,gizo,-8.103,156.8419,29.46,73,51,1.81,SB,1703907526
117,omdurman,15.6445,32.4777,17.0,32,0,5.1,SD,1703907526
118,suva,-18.1416,178.4415,29.71,74,40,5.14,FJ,1703907526
119,al hudaydah,14.7978,42.9545,24.45,80,99,3.64,YE,1703907526
120,tura,25.5198,90.2201,23.0,50,0,0.4,IN,1703907527
121,giyani,-23.3025,30.7187,17.64,92,80,2.25,ZA,1703907527
122,shaowu,27.3409,117.4831,20.22,59,57,0.7,CN,1703907527
123,borodulikha,50.7184,80.9295,-4.48,76,85,8.92,KZ,1703907527
124,bakanas,44.8081,76.2772,-0.58,60,99,5.15,KZ,1703907527
125,hammerfest,70.6634,23.6821,-6.75,68,10,3.09,NO,1703907528
126,jamestown,42.097,-79.2353,2.77,95,100,3.6,US,1703907267
127,thompson,55.7435,-97.8558,-7.91,86,100,3.09,CA,1703907388
128,laojunmiao,39.8333,97.7333,4.22,14,13,2.54,CN,1703907528
129,xilin hot,43.9667,116.0333,-8.28,88,17,2.26,CN,1703907528
130,rudnyy,52.9594,63.1206,-9.87,85,75,7.16,KZ,1703907529
131,meleuz,52.9667,55.9167,-7.82,97,99,2.06,RU,1703907529
132,stralsund,54.3091,13.0818,6.12,85,100,8.77,DE,1703907529
133,papatowai,-46.5619,169.4708,16.33,52,51,3.91,NZ,1703907529
134,punta arenas,-53.15,-70.9167,10.06,81,0,8.23,CL,1703907529
135,iqaluit,63.7506,-68.5145,-8.15,85,100,7.72,CA,1703907530
136,fortuna,40.5982,-124.1573,12.59,92,100,6.69,US,1703907530
137,ballerup,55.7317,12.3633,5.08,93,98,4.61,DK,1703907530
138,inirida,3.8653,-67.9239,23.54,96,98,1.04,CO,1703907530
139,santa isabel,-23.3156,-46.2214,23.61,54,94,0.84,BR,1703907531
140,vernon,50.2581,-119.2691,2.64,90,99,1.03,CA,1703907531
141,olonkinbyen,70.9221,-8.7187,-8.34,69,100,8.0,SJ,1703907531
142,spring creek,40.7266,-115.5859,2.39,61,100,1.88,US,1703907531
143,jiayuguan,39.8167,98.3,0.44,30,8,3.69,CN,1703907531
144,brisas de zicatela,15.8369,-97.0419,25.29,73,0,0.0,MX,1703907532
145,sao luiz gonzaga,-28.4083,-54.9608,19.22,97,58,1.56,BR,1703907532
146,dalandzadgad,43.5708,104.425,-5.02,61,2,3.94,MN,1703907532
147,ilulissat,69.2167,-51.1,-12.99,52,40,5.66,GL,1703907532
148,codrington,-38.2667,141.9667,16.69,55,70,6.9,AU,1703907533
149,wurtulla,-26.7568,153.1256,22.81,99,93,0.89,AU,1703907533
150,iskateley,67.6803,53.1512,-16.1,97,99,4.02,RU,1703907533
151,taltal,-25.4,-70.4833,18.85,83,44,1.11,CL,1703907533
152,talnakh,69.4865,88.3972,-19.38,99,100,1.24,RU,1703907533
153,eirunepe,-6.6603,-69.8736,23.31,98,100,1.12,BR,1703907534
154,qaqortoq,60.7167,-46.0333,-17.18,70,0,2.51,GL,1703907534
155,dzhetygara,52.1908,61.2006,-6.26,88,89,6.88,KZ,1703907534
156,kilimatinde,-5.85,34.95,20.18,91,100,0.52,TZ,1703907534
157,arteche,12.2645,125.4048,27.02,90,98,4.12,PH,1703907535
158,tomatlan,19.9333,-105.25,17.98,81,63,1.53,MX,1703907535
159,rosso,16.4986,-15.8153,22.11,13,8,4.75,SN,1703907535
160,monroeville,40.4212,-79.7881,2.2,82,100,4.12,US,1703907461
161,mukalla,14.5425,49.1242,22.82,75,90,1.73,YE,1703907536
162,las khorey,11.1595,48.1967,24.24,72,51,3.79,SO,1703907536
163,manturovo,58.3353,44.7619,-24.56,100,100,1.45,RU,1703907536
164,key west,24.5557,-81.7826,21.0,78,40,3.6,US,1703907536
165,maragogi,-9.0122,-35.2225,24.8,75,1,1.92,BR,1703907537
166,alghero,40.5589,8.3181,6.05,100,100,1.03,IT,1703907537
167,warrnambool,-38.3833,142.4833,15.8,58,56,6.93,AU,1703907537
168,remire-montjoly,4.9167,-52.2667,26.02,94,20,1.03,GF,1703907538
169,saint helier,49.188,-2.1049,10.81,47,40,5.14,JE,1703907538
170,cafayate,-26.073,-65.9761,18.01,93,100,3.21,AR,1703907538
171,jaguaribe,-5.8906,-38.6219,26.05,75,95,4.18,BR,1703907538
172,cova figueira,14.8905,-24.2934,24.13,55,97,2.99,CV,1703907539
173,coquimbo,-29.9533,-71.3436,16.85,88,75,2.57,CL,1703907539
174,daru,-9.0763,143.2092,30.8,64,24,4.65,PG,1703907539
175,vorgashor,67.5833,63.95,-20.14,92,7,7.91,RU,1703907539
176,tiksi,71.6872,128.8694,-36.2,98,71,4.64,RU,1703907540
177,susuman,62.7833,148.1667,-37.23,99,100,0.89,RU,1703907540
178,weno,7.4515,151.8468,31.97,70,40,3.09,FM,1703907540
179,doctor arroyo,23.6667,-100.1833,7.19,90,41,2.74,MX,1703907540
180,as safirah,36.077,37.3725,8.58,73,0,0.99,SY,1703907540
181,tralee,52.2704,-9.7026,8.88,92,100,6.56,IE,1703907541
182,bredasdorp,-34.5322,20.0403,20.78,91,100,5.48,ZA,1703907258
183,xiangxiang,27.7333,112.5333,18.73,47,4,2.72,CN,1703907312
184,nelson bay,-32.7167,152.15,27.27,70,15,5.81,AU,1703907541
185,mega,4.05,38.3,16.42,76,99,2.87,ET,1703907541
186,kamen'-na-obi,53.7884,81.3423,-5.78,88,99,9.47,RU,1703907542
187,harper,4.375,-7.7169,26.18,84,28,1.45,LR,1703907542
188,carloforte,39.145,8.3058,13.56,78,100,2.27,IT,1703907542
189,isoka,-10.1606,32.6335,17.86,90,100,1.62,ZM,1703907542
190,horta,38.5333,-28.6333,16.12,74,40,5.14,PT,1703907542
191,uturoa,-16.7333,-151.4333,28.16,77,98,5.04,PF,1703907543
192,kampong dungun,3.2167,101.3167,31.72,83,81,2.46,MY,1703907543
193,port macquarie,-31.4333,152.9167,27.16,65,30,5.03,AU,1703907543
194,hadibu,12.65,54.0333,24.33,73,54,4.58,YE,1703907543
195,tual,-5.6667,132.75,28.66,74,83,3.01,ID,1703907544
196,hilo,19.7297,-155.09,21.81,99,100,2.06,US,1703907348
197,arafat,21.3594,39.9664,20.97,71,0,1.59,SA,1703907544
198,ola,59.5833,151.2833,-25.2,81,87,4.25,RU,1703907544
199,balkanabat,39.5108,54.3671,5.79,47,2,2.22,TM,1703907545
200,dabakala,8.3667,-4.4333,21.87,20,0,1.33,CI,1703907545
201,dazhong,33.1997,120.4578,10.17,84,99,3.86,CN,1703907545
202,tofol,5.3248,163.0078,30.88,70,75,5.14,FM,1703907545
203,papao,-17.75,-149.55,29.82,77,100,1.38,PF,1703907546
204,fayroz koh,34.5195,65.2509,0.18,48,0,1.79,AF,1703907546
205,east london,-33.0153,27.9116,20.52,88,40,3.6,ZA,1703907546
206,mabaruma,8.2,-59.7833,23.19,99,32,1.29,GY,1703907546
207,kavaratti,10.5669,72.642,29.08,72,100,6.49,IN,1703907547
208,rikaze,29.25,88.8833,0.12,10,0,0.3,CN,1703907547
209,port lincoln,-34.7333,135.8667,18.8,57,22,6.66,AU,1703907547
210,spring valley,36.108,-115.245,12.19,37,0,2.57,US,1703907507
211,codajas,-3.8367,-62.0569,23.57,99,100,1.05,BR,1703907547
212,shwebo,22.5667,95.7,23.59,57,0,2.62,MM,1703907548
213,ust'-ilimsk,58.0006,102.6619,-12.53,96,100,1.79,RU,1703907548
214,port blair,11.6667,92.75,30.02,70,40,4.63,IN,1703907548
215,san pedro,14.35,121.0167,31.84,71,20,3.58,PH,1703907282
216,kasongo-lunda,-6.4667,16.8167,20.77,99,100,0.43,CD,1703907548
217,parkes,-33.1333,148.1833,28.53,29,10,2.24,AU,1703907549
218,sheridan,44.8333,-106.9173,3.51,71,75,2.57,US,1703907549
219,ribeira brava,32.65,-17.0667,19.35,65,35,2.72,PT,1703907549
220,wichita falls,33.9137,-98.4934,7.07,64,0,2.57,US,1703907550
221,kyren,51.6828,102.1408,-10.03,89,46,1.34,RU,1703907550
222,tiquipaya,-17.3382,-66.2189,18.4,72,75,2.57,BO,1703907550
223,puerto baquerizo moreno,-0.9,-89.6,23.86,89,33,3.85,EC,1703907550
224,chinde,26.8418,88.0763,15.96,48,0,2.08,NP,1703907550
225,galesong,-5.3166,119.3661,31.01,63,76,2.74,ID,1703907551
226,minjur,13.2667,80.2667,27.01,63,46,5.17,IN,1703907551
227,kirakira,-10.4544,161.9205,29.35,77,87,3.21,SB,1703907551
228,tchintabaraden,15.8969,5.7985,15.01,23,0,4.65,NE,1703907551
229,taulaga,-11.0553,-171.0883,27.85,78,100,2.85,AS,1703907552
230,antsiranana,-12.2787,49.2917,25.42,83,40,3.09,MG,1703907552
231,olyokminsk,60.3736,120.4264,-35.84,98,73,0.56,RU,1703907552
232,bireun,5.203,96.7009,27.52,80,92,1.78,ID,1703907553
233,pervomayskoye,43.919,46.7102,4.31,35,15,1.57,RU,1703907553
234,undurkhaan,47.3194,110.6556,-10.54,95,80,1.58,MN,1703907553
235,dahab,28.501,34.5134,18.57,51,1,3.52,EG,1703907553
236,vadso,70.0744,29.7487,-6.91,86,20,3.6,NO,1703907554
237,mu'minobod,38.1085,70.0285,-0.65,93,100,1.36,TJ,1703907554
238,portland,45.5234,-122.6762,10.34,88,100,6.69,US,1703907516
239,tank,32.2217,70.3793,16.39,33,81,0.87,PK,1703907554
240,anadyr,64.75,177.4833,-20.56,76,0,8.0,RU,1703907555
241,road town,18.4167,-64.6167,24.05,68,0,4.55,VG,1703907555
242,igrim,63.1906,64.4162,-10.78,91,100,8.22,RU,1703907555
243,saldanha,-33.0117,17.9442,17.03,91,100,5.72,ZA,1703907555
244,chiredzi,-21.05,31.6667,18.5,93,99,3.13,ZW,1703907556
245,dryden,49.7833,-92.7503,-4.84,100,75,2.06,CA,1703907556
246,elliot lake,46.3834,-82.6331,-2.77,75,10,2.19,CA,1703907556
247,barclayville,4.6797,-8.2339,25.32,89,12,0.43,LR,1703907556
248,slave lake,55.2834,-114.769,-8.01,93,0,2.06,CA,1703907557
249,abu zabad,12.35,29.25,15.46,34,19,5.44,SD,1703907557
250,pisco,-13.7,-76.2167,22.03,88,0,5.66,PE,1703907557
251,ibarreta,-25.2144,-59.8585,21.24,99,100,1.48,AR,1703907558
252,hasaki,35.7333,140.8333,13.22,67,60,2.74,JP,1703907558
253,mili,6.0815,171.735,28.16,82,98,8.24,MH,1703907558
254,beloyarskiy,63.7119,66.6722,-7.78,93,100,6.26,RU,1703907558
255,tot'ma,59.9747,42.7642,-25.25,100,100,1.25,RU,1703907559
256,piti village,13.4626,144.6933,31.49,72,40,8.23,GU,1703907559
257,alofi,-19.0595,-169.9187,28.94,70,33,8.23,NU,1703907559
258,coronel dorrego,-38.7187,-61.2873,12.28,61,20,1.12,AR,1703907560
259,malango,-2.9627,119.9001,29.37,60,53,1.75,ID,1703907560
260,tucurui,-3.7661,-49.6725,23.83,97,100,1.06,BR,1703907560
261,kailua-kona,19.6406,-155.9956,25.98,81,40,2.57,US,1703907560
262,foca,38.6703,26.7566,12.91,79,74,3.99,TR,1703907561
263,isiro,2.7739,27.616,19.63,66,24,1.21,CD,1703907561
264,timbuktu,16.7735,-3.0074,17.12,17,0,4.76,ML,1703907561
265,sarina,-21.4333,149.2167,35.7,49,3,5.94,AU,1703907561
266,nar'yan-mar,67.6713,53.087,-16.05,97,100,4.02,RU,1703907562
267,muisne,0.6,-80.0333,25.13,89,98,2.31,EC,1703907562
268,gananoque,44.3334,-76.1661,3.04,97,100,2.82,CA,1703907562
269,chegdomyn,51.1167,133.0167,-22.03,85,80,0.83,RU,1703907563
270,palikir - national government center,6.9248,158.1611,31.41,74,40,4.12,FM,1703907563
271,murzuq,25.9155,13.9184,9.31,49,3,3.16,LY,1703907563
272,marka,1.7159,44.7717,26.55,79,95,6.42,SO,1703907563
273,aasiaat,68.7098,-52.8699,-22.78,86,98,5.62,GL,1703907563
274,cabinda,-5.55,12.2,24.3,87,100,1.04,AO,1703907564
275,pangody,65.85,74.4859,-11.45,94,100,10.19,RU,1703907564
276,alice springs,-23.7,133.8833,36.75,16,14,7.2,AU,1703907564
277,hailey,43.5196,-114.3153,1.29,77,0,3.58,US,1703907564
278,auchi,7.0667,6.2667,20.41,40,16,1.05,NG,1703907565
279,saint-philippe,-21.3585,55.7679,26.77,82,99,4.49,RE,1703907565
280,polyarnyy,69.1989,33.4478,-13.4,98,99,1.87,RU,1703907565
281,shanting,35.0753,117.4578,8.31,61,0,4.79,CN,1703907565
282,wewak,-3.5534,143.6268,29.63,72,98,2.46,PG,1703907566
283,quiroga,19.6667,-101.5333,8.9,74,2,0.86,MX,1703907566
284,la rinconada,37.4873,-5.9826,11.2,90,20,3.09,ES,1703907566
285,castillos,-34.1667,-53.8333,14.52,54,54,5.21,UY,1703907567
286,fort bragg,35.139,-79.006,6.57,74,40,3.09,US,1703907567
287,kuching,1.55,110.3333,31.12,73,40,0.0,MY,1703907567
288,piriapolis,-34.8682,-55.2744,16.12,58,75,8.23,UY,1703907567
289,ebon,4.582,168.6964,28.12,78,100,4.95,MH,1703907567
290,khadyzhensk,44.4256,39.5319,3.97,56,25,1.91,RU,1703907568
291,nikolayevsk-on-amure,53.1406,140.73,-22.27,77,30,2.85,RU,1703907568
292,katabu,-4.9333,122.5167,32.61,56,75,0.93,ID,1703907568
293,queenstown,-31.8976,26.8753,18.03,82,90,1.07,ZA,1703907568
294,la libertad,-2.2333,-80.9,24.23,84,100,4.04,EC,1703907569
295,kingston,17.997,-76.7936,27.53,78,20,1.54,JM,1703907476
296,holualoa,19.6228,-155.9522,23.91,81,40,2.57,US,1703907569
297,qamdo,31.1667,97.2333,-6.93,18,0,0.79,CN,1703907569
298,dudinka,69.4058,86.1778,-25.74,96,100,6.26,RU,1703907543
299,arraial do cabo,-22.9661,-42.0278,24.8,91,95,5.96,BR,1703907570
300,mirante do paranapanema,-22.2919,-51.9064,25.61,68,99,1.9,BR,1703907570
301,neiafu,-18.65,-173.9833,29.38,70,75,5.14,TO,1703907570
302,zabaykal'sk,49.6333,117.3167,-13.51,87,100,1.64,RU,1703907570
303,altai,46.3722,96.2583,-6.63,48,99,1.98,MN,1703907571
304,auna,10.1881,4.7232,20.44,24,0,2.63,NG,1703907571
305,sao mateus do sul,-25.8742,-50.3828,17.86,99,76,1.13,BR,1703907571
306,tolanaro,-25.0319,46.9987,26.04,83,40,7.2,MG,1703907572
307,yeppoon,-23.1333,150.7333,33.88,53,0,7.14,AU,1703907572
308,crescent city,41.756,-124.2018,12.2,93,100,7.2,US,1703907572
309,mariental,-24.6333,17.9667,18.01,58,0,2.62,NA,1703907572
310,trancas,-26.2314,-65.2803,19.45,85,100,1.06,AR,1703907572
311,labrador city,52.9463,-66.9114,-7.05,86,100,1.54,CA,1703907306
312,hinis,39.3606,41.7022,-6.62,67,1,1.29,TR,1703907573
313,shevchenko,48.5,35.0,4.11,85,78,3.56,UA,1703907573
314,namibe,-15.1961,12.1522,19.88,82,78,2.49,AO,1703907573
315,roma,43.2128,-75.4557,4.42,96,100,4.63,US,1703907434
316,mount gambier,-37.8333,140.7667,18.59,45,49,5.07,AU,1703907303
317,topchikha,52.8192,83.1185,-3.69,77,60,10.6,RU,1703907574
318,yarmouth,41.7057,-70.2286,8.26,97,100,2.68,US,1703907574
319,bamboo flat,11.7,92.7167,30.05,70,40,4.63,IN,1703907575
320,nuku'alofa,-21.1333,-175.2,29.19,70,20,6.69,TO,1703907575
321,arkhangel'sk,64.5401,40.5433,-18.94,84,20,0.0,RU,1703907575
322,bulayevo,54.9056,70.4439,-10.93,87,100,10.2,KZ,1703907575
323,okhotsk,59.3833,143.3,-27.26,83,39,6.39,RU,1703907575
324,port shepstone,-30.7414,30.455,20.63,81,20,7.02,ZA,1703907576
325,nemuro,43.3236,145.575,0.96,66,12,8.92,JP,1703907576
326,gasa,31.5,34.4667,15.64,63,0,0.53,PS,1703907576
327,badger,64.8,-147.5333,-32.86,73,0,0.0,US,1703907576
328,akureyri,65.6835,-18.0878,-14.04,85,100,1.03,IS,1703907577
329,kantang,7.4054,99.5156,31.05,66,40,4.12,TH,1703907577
330,tazovsky,67.4667,78.7,-14.84,93,100,9.21,RU,1703907577
331,new norfolk,-42.7826,147.0587,15.95,41,87,5.23,AU,1703907578
332,korba,22.35,82.6833,22.0,44,23,0.68,IN,1703907578
333,burnie,-41.0667,145.9167,19.69,40,99,5.85,AU,1703907578
334,galliano,29.4422,-90.2992,8.0,76,0,2.57,US,1703907578
335,afaahiti,-17.75,-149.2833,28.93,79,100,2.29,PF,1703907578
336,klyuchi,52.2667,79.1667,-4.43,78,100,9.33,RU,1703907579
337,hamilton,39.1834,-84.5333,3.0,89,100,4.12,US,1703907579
338,bodaybo,57.8506,114.1933,-17.61,96,100,0.61,RU,1703907579
339,zemio,5.0314,25.1361,19.7,41,80,1.2,CF,1703907579
340,tangwani,28.2787,68.9972,18.09,29,74,3.02,PK,1703907580
341,fale old settlement,-9.3852,-171.2468,29.25,69,100,5.98,TK,1703907580
342,vanino,49.0869,140.2543,-13.37,64,6,1.2,RU,1703907580
343,changping,40.2186,116.2197,-0.2,68,53,0.76,CN,1703907580
344,klaksvik,62.2266,-6.589,0.51,68,100,7.47,FO,1703907581
345,newman,37.3138,-121.0208,16.27,70,48,0.89,US,1703907581
346,wilhelmshaven,53.5167,8.1333,6.77,85,61,8.79,DE,1703907581
347,miyang,24.4042,103.4428,17.8,48,12,2.96,CN,1703907581
348,salinopolis,-0.6136,-47.3561,26.48,87,64,3.85,BR,1703907581
349,gemena,3.25,19.7667,21.03,45,54,0.92,CD,1703907582
350,mawlamyine,16.4914,97.6256,27.79,46,92,2.46,MM,1703907582
351,woolgoolga,-30.1106,153.2007,28.36,70,74,3.82,AU,1703907582
352,las tejerias,10.2524,-67.1847,23.01,93,27,1.46,VE,1703907582
353,garoua boulai,5.8833,14.55,17.26,35,53,2.23,CM,1703907583
354,yuzhno-kurilsk,44.0306,145.8556,-0.35,72,100,9.86,RU,1703907583
355,la ronge,55.1001,-105.2842,-10.86,92,40,1.03,CA,1703907583
356,yaren,-0.5472,166.916,28.54,71,100,2.18,NR,1703907583
357,fort st. john,56.2499,-120.8529,-6.06,86,75,2.06,CA,1703907371
358,idri,27.5,13.2667,9.18,60,2,3.19,LY,1703907584
359,igarka,67.4667,86.5833,-12.42,94,100,5.17,RU,1703907584
360,miri,4.4148,114.0089,25.08,100,40,1.54,MY,1703907584
361,hechuan,29.9947,106.2572,8.27,64,0,0.98,CN,1703907585
362,vylkove,45.4021,29.586,5.35,67,23,0.94,UA,1703907585
363,buka,40.8108,69.1986,0.34,73,19,1.25,UZ,1703907585
364,termas de rio hondo,-27.4998,-64.8604,22.06,80,98,2.58,AR,1703907586
365,taksimo,56.3444,114.8794,-19.66,93,85,0.62,RU,1703907586
366,manastirea,44.2167,26.9,5.57,89,80,3.52,RO,1703907586
367,inarajan village,13.2736,144.7484,31.54,78,92,9.86,GU,1703907587
368,ust-nera,64.5667,143.2,-43.88,98,83,1.49,RU,1703907587
369,porto novo,6.4965,2.6036,23.89,89,5,1.31,BJ,1703907587
370,kharp,66.8014,65.8081,-14.71,82,71,5.99,RU,1703907587
371,aswan,24.0934,32.907,14.61,67,0,2.57,EG,1703907588
372,konarka,19.9,86.1167,22.22,54,66,2.88,IN,1703907588
373,ialibu,-6.2821,143.9935,22.1,68,68,1.98,PG,1703907588
374,ontario,34.0633,-117.6509,15.3,85,0,1.54,US,1703907300
375,kujang-up,39.8672,126.0303,0.17,96,100,1.03,KP,1703907589
376,san jose de jachal,-30.2406,-68.7469,23.47,28,17,1.98,AR,1703907589
377,mahibadhoo,3.7833,72.9667,26.61,85,99,7.2,MV,1703907589
378,yanbu,24.0891,38.0637,16.02,94,0,2.06,SA,1703907590
379,mount isa,-20.7333,139.5,42.87,19,0,3.6,AU,1703907590
380,aykhal,66.0,111.5,-26.15,98,100,5.08,RU,1703907590
381,robit,12.0167,39.6333,15.44,65,60,0.27,ET,1703907591
382,inhambane,-23.865,35.3833,24.99,94,75,6.17,MZ,1703907591
383,kruisfontein,-34.0033,24.7314,22.04,67,75,1.82,ZA,1703907591
384,tsiombe,-25.3,45.4833,24.3,82,93,7.43,MG,1703907591
385,ulsteinvik,62.3432,5.8487,4.86,86,100,3.58,NO,1703907592
386,bosobolo,4.1833,19.9,21.53,43,64,1.3,CD,1703907592
387,taoudenni,22.6783,-3.9836,14.56,29,10,3.89,ML,1703907592
388,camayenne,9.535,-13.6878,25.39,83,1,2.91,GN,1703907592
389,kijang,35.2442,129.2139,6.85,43,3,4.14,KR,1703907593
390,cururupu,-1.8283,-44.8683,24.78,92,65,1.44,BR,1703907593
391,parauapebas,-6.0675,-49.9022,22.27,99,100,0.93,BR,1703907593
392,gembu,6.7,11.2667,15.76,36,76,1.41,NG,1703907593
393,pacific grove,36.6177,-121.9166,13.06,90,100,2.06,US,1703907593
394,bayji,34.9311,43.487,10.84,63,0,3.64,IQ,1703907594
395,victorica,-36.2151,-65.4359,17.35,51,15,4.19,AR,1703907594
396,enying,46.9305,18.242,5.87,92,100,3.62,HU,1703907594
397,hithadhoo,-0.6,73.0833,27.3,79,91,1.51,MV,1703907594
398,constantia,44.1833,28.65,5.39,83,87,3.8,RO,1703907595
399,guozhen,34.3659,107.359,11.54,42,0,1.22,CN,1703907595
400,utrik,11.2278,169.8474,27.27,82,85,8.6,MH,1703907595
401,de aar,-30.6497,24.0123,17.12,84,99,3.28,ZA,1703907595
402,fort-shevchenko,44.5086,50.263,5.87,86,11,3.76,KZ,1703907596
403,san antonio,29.4241,-98.4936,10.73,51,0,2.57,US,1703907383
404,hailin,44.5833,129.4167,-8.89,88,100,1.22,CN,1703907596
405,bengkulu,-3.8004,102.2655,29.34,69,98,2.26,ID,1703907597
406,swan hill,-35.3378,143.5544,24.08,31,2,5.85,AU,1703907597
407,takaungu,-3.6837,39.8566,26.27,88,100,3.0,KE,1703907597
408,cherdakly,54.3594,48.845,-5.03,93,100,1.0,RU,1703907597
409,christchurch,-43.5333,172.6333,27.4,24,46,7.72,NZ,1703907451
410,belokurikha,51.9959,84.9896,-1.68,64,86,5.14,RU,1703907598
411,felege neway,6.3,36.8833,16.59,71,88,0.13,ET,1703907598
412,luderitz,-26.6481,15.1594,16.08,87,0,1.31,NA,1703907598
413,vilyuchinsk,52.9306,158.4028,-10.85,72,100,3.59,RU,1703907599
414,kuanda,56.3161,116.0806,-21.01,94,85,0.21,RU,1703907599
415,steamboat springs,40.485,-106.8317,0.72,77,0,4.12,US,1703907599
416,muntok,-2.0667,105.1833,30.03,66,18,1.97,ID,1703907599
417,santo antonio,-6.3106,-35.4789,23.34,82,68,1.78,BR,1703907600
418,sinnar,13.5691,33.5672,18.42,26,1,4.7,SD,1703907601
419,basugaon,26.4667,90.4,21.45,43,0,2.66,IN,1703907602
420,porirua,-41.1333,174.85,21.68,76,58,9.77,NZ,1703907602
421,bardai,11.65,7.2333,15.28,34,0,3.92,NG,1703907602
422,mogocha,53.7333,119.7667,-19.36,84,36,0.55,RU,1703907603
423,cole harbour,44.6724,-63.4751,1.09,96,100,0.89,CA,1703907603
424,dubbo,-32.25,148.6167,28.07,39,40,7.72,AU,1703907603
425,cannonvale,-20.2833,148.7,29.66,65,1,5.93,AU,1703907604
426,prineville,44.2999,-120.8345,2.39,100,100,2.57,US,1703907604
427,anuradhapura,8.3565,80.4173,27.02,79,100,5.12,LK,1703907604
428,miyaly,48.8844,53.7836,1.63,95,100,6.64,KZ,1703907605
429,kasongo,-4.45,26.6667,20.3,99,100,0.6,CD,1703907605
430,gurupa,-1.405,-51.64,23.82,98,90,1.04,BR,1703907605
431,atafu village,-8.5421,-172.5159,29.39,68,100,6.08,TK,1703907606
432,tshikapa,-6.4167,20.8,21.15,98,100,1.4,CD,1703907606
433,bubanza,-3.1167,29.4,20.65,95,100,0.14,BI,1703907606
434,agapovka,53.2973,59.1348,-6.44,91,34,3.17,RU,1703907606
435,saint-francois,46.4154,3.9054,5.92,99,90,0.51,FR,1703907607
436,torghay,49.6339,63.4981,-3.0,94,100,8.8,KZ,1703907607
437,ouargaye,11.5033,0.0572,19.81,18,0,3.85,BF,1703907607
438,wagar,16.1525,36.2032,20.33,61,2,3.3,SD,1703907608
439,saint-pierre,-21.3393,55.4781,26.82,69,0,1.54,RE,1703907512
440,kstovo,56.1473,44.1979,-4.34,96,100,3.18,RU,1703907608
441,kanungu,-0.9575,29.7897,17.05,93,100,1.13,UG,1703907608
442,pemangkat,1.1667,108.9667,27.89,80,97,1.36,ID,1703907609
443,visby,57.6409,18.296,4.46,100,100,6.17,SE,1703907609
444,fort mcmurray,56.7268,-111.381,-8.23,86,0,2.06,CA,1703907416
445,medina del campo,41.3124,-4.9141,7.6,84,34,2.84,ES,1703907609
446,thames,-37.1333,175.5333,25.21,62,42,4.14,NZ,1703907610
447,aldan,58.6031,125.3894,-29.22,93,22,1.02,RU,1703907610
448,santa maria,-29.6842,-53.8069,22.61,88,75,1.03,BR,1703907589
449,captainganj,26.9267,83.7153,12.97,53,3,1.75,IN,1703907610
450,borogontsy,62.6683,131.1683,-43.74,98,100,0.24,RU,1703907611
451,sinop,41.7711,34.8709,6.29,50,21,3.13,TR,1703907611
452,brookings,44.3114,-96.7984,0.21,94,0,2.57,US,1703907611
453,negombo,7.2083,79.8358,28.03,78,20,4.63,LK,1703907612
454,chuguyevka,44.1653,133.8633,-4.32,83,100,1.41,RU,1703907612
455,karagandy,49.8019,73.1021,-7.03,87,100,11.54,KZ,1703907612
456,vytegra,61.0064,36.4481,-16.47,99,93,1.79,RU,1703907612
457,latakia,35.5148,35.7768,9.1,58,0,2.45,SY,1703907613
458,algona,43.07,-94.233,0.07,100,0,2.57,US,1703907613
459,kapshagay,43.8833,77.0833,0.79,65,100,0.47,KZ,1703907613
460,san salvador,13.6894,-89.1872,22.15,100,58,0.33,SV,1703907397
461,healdsburg,38.6105,-122.8692,12.87,94,100,0.0,US,1703907368
462,chincha alta,-13.4099,-76.1323,21.33,85,100,0.79,PE,1703907614
463,richards bay,-28.783,32.0377,19.88,87,8,2.12,ZA,1703907614
464,dosso,13.049,3.1937,17.2,22,1,4.07,NE,1703907615
465,mutuali,-14.8706,37.0044,21.69,96,100,0.25,MZ,1703907615
466,jincheng,35.5022,112.8328,4.96,42,1,8.12,CN,1703907615
467,san antonio de pale,-1.4014,5.6325,27.13,79,59,3.24,GQ,1703907615
468,pimentel,-6.8367,-79.9342,22.16,88,75,6.69,PE,1703907616
469,monterrey,25.6667,-100.3167,12.37,58,0,1.01,MX,1703907317
470,sumbe,-11.2061,13.8437,24.52,82,67,0.94,AO,1703907617
471,gorontalo,0.5412,123.0595,32.33,59,43,1.97,ID,1703907617
472,aripuana,-9.1667,-60.6333,22.9,99,69,0.95,BR,1703907617
473,launceston,-41.45,147.1667,20.08,34,40,5.66,AU,1703907586
474,port saint john's,-31.6229,29.5448,20.77,81,100,4.34,ZA,1703907618
475,karasburg,-28.0167,18.75,17.81,70,61,2.91,NA,1703907618
476,recodo,6.9519,121.9636,31.01,70,75,2.57,PH,1703907619
477,polygyros,40.3744,23.4383,8.11,76,39,0.6,GR,1703907619
478,noyabrsk,63.1994,75.4507,-7.65,94,99,4.47,RU,1703907619
479,sao jose da coroa grande,-8.8978,-35.1478,24.97,75,1,1.95,BR,1703907620
480,hami,42.8,93.45,-4.3,67,83,1.5,CN,1703907620
481,petoskey,45.3733,-84.9553,1.17,93,0,0.0,US,1703907620
482,praia,14.9215,-23.5087,23.3,35,0,5.66,CV,1703907595
483,uglegorsk,49.0833,142.0333,-11.89,82,85,6.55,RU,1703907621
484,zyryanskoye,56.8306,86.6258,-4.82,83,99,9.98,RU,1703907621
485,gao,16.6362,1.637,17.85,19,0,3.74,ML,1703907621
486,terdal,16.5,75.05,23.13,55,43,4.3,IN,1703907622
487,mil'kovo,55.6078,37.7956,3.02,94,100,7.14,RU,1703907622
488,el calafate,-50.3408,-72.2768,12.66,69,100,4.13,AR,1703907622
489,mangrol,21.1167,70.1167,23.82,48,4,3.22,IN,1703907622
490,mandal,25.45,74.5667,16.43,44,0,2.19,IN,1703907623
491,tan-tan,28.438,-11.1032,16.57,23,62,2.88,MA,1703907623
492,santa maria xadani,15.9333,-96.0667,20.65,80,24,2.08,MX,1703907623
493,aljezur,37.3191,-8.8033,12.72,92,90,1.98,PT,1703907623
494,mejit,10.2753,170.8646,26.84,85,83,8.62,MH,1703907624
495,bubaque,11.2833,-15.8333,25.91,70,0,4.27,GW,1703907624
496,fredrikstad,59.2181,10.9298,-4.78,92,100,1.03,NO,1703907624
497,selfoss,63.9331,-20.9971,-4.42,93,99,2.87,IS,1703907625
498,msanga,-6.05,36.0333,20.1,88,91,0.53,TZ,1703907625
499,mao,39.8885,4.2658,14.31,100,75,1.03,ES,1703907625
500,tongouson,5.0214,120.1328,28.32,75,12,1.65,PH,1703907626
501,vidalia,32.2177,-82.4135,2.97,87,0,0.0,US,1703907626
502,broome,42.2506,-75.833,4.62,90,100,4.12,US,1703907626
503,laholm,56.5121,13.0437,4.16,93,99,4.95,SE,1703907626
504,mount pearl,47.5166,-52.7813,-0.64,95,100,10.29,CA,1703907627
505,saudarkrokur,65.7461,-19.6394,-12.8,94,76,2.58,IS,1703907627
506,oguta,5.7089,6.8103,21.97,93,9,0.91,NG,1703907627
507,ta`u,-14.2336,-169.5144,28.12,78,99,5.45,AS,1703907627
508,jawhar,2.7809,45.5005,24.56,78,99,5.17,SO,1703907628
509,vila velha,-20.3297,-40.2925,26.08,86,0,3.6,BR,1703907628
510,kundiawa,-6.0167,144.9667,26.36,64,74,1.4,PG,1703907628
511,nogliki,51.8333,143.1667,-18.62,79,98,6.74,RU,1703907628
512,nova xavantina,-14.6667,-52.35,23.14,92,27,0.65,BR,1703907629
513,lubang,13.8584,120.124,27.71,80,76,7.59,PH,1703907629
514,astrakhan,46.3497,48.0408,3.93,64,40,5.0,RU,1703907630
515,merizo village,13.2658,144.6691,31.31,78,92,9.67,GU,1703907630
516,san felice circeo,41.2372,13.0942,12.54,99,100,1.25,IT,1703907630
517,zambezi,-13.5432,23.1047,17.95,97,66,0.8,ZM,1703907630
518,bakchar,57.0186,82.0711,-7.96,86,100,7.36,RU,1703907631
519,yanchep,-31.55,115.6833,32.85,30,66,0.77,AU,1703907631
520,samarinda,-0.5,117.15,33.36,52,90,1.7,ID,1703907631
521,harnai,30.1005,67.9374,14.99,23,4,1.08,PK,1703907631
522,san luis de la loma,17.2706,-100.8939,22.58,78,0,2.16,MX,1703907632
523,sumbawa besar,-8.5,117.4333,34.85,46,29,3.02,ID,1703907632
524,mhasvad,17.6333,74.7833,22.25,43,9,3.23,IN,1703907632
525,sile,41.1754,29.6133,9.37,63,77,0.45,TR,1703907632
526,khabarovsk,48.4808,135.0928,-16.11,72,0,5.0,RU,1703907633
527,clear lake,43.138,-93.3794,0.54,87,0,3.6,US,1703907633
528,dara,15.3484,-15.4799,19.98,14,18,4.33,SN,1703907633
529,muborak,39.2553,65.1528,1.01,46,4,2.79,UZ,1703907633
530,misratah,32.3754,15.0925,14.74,67,72,3.17,LY,1703907634
531,dan khun thot,15.2085,101.7714,28.71,53,60,5.44,TH,1703907634
532,ambodifotatra,-16.9833,49.85,26.03,94,75,1.03,MG,1703907634
533,sungai penuh,-2.0833,101.3833,24.92,76,100,0.38,ID,1703907634
534,ironwood,46.4547,-90.171,-4.81,100,0,1.54,US,1703907402
535,campo gallo,-26.5833,-62.85,21.21,93,85,2.21,AR,1703907635
536,acapulco de juarez,16.8634,-99.8901,24.9,73,0,1.54,MX,1703907635
537,moyo,3.6609,31.7247,22.54,45,48,1.63,UG,1703907635
538,gazojak,41.1875,61.4036,0.69,57,3,4.17,TM,1703907635
539,dzerzhinskoye,56.8344,95.2283,-1.81,76,100,4.92,RU,1703907636
540,cabo san lucas,22.8909,-109.9124,22.09,68,0,3.09,MX,1703907488
541,kenai,60.5544,-151.2583,-22.95,84,0,2.06,US,1703907636
542,donggongon,5.907,116.1015,31.96,70,20,1.54,MY,1703907636
543,machico,32.7,-16.7667,19.35,72,20,3.6,PT,1703907637
544,al ghayzah,16.2079,52.176,21.74,83,91,2.09,YE,1703907637
545,strezhevoy,60.7333,77.5889,-8.35,92,100,7.15,RU,1703907637
546,acipayam,37.4239,29.3494,5.07,70,85,1.15,TR,1703907637
547,grottammare,42.9888,13.8649,11.23,65,100,1.36,IT,1703907638
548,la gi,10.6667,107.7833,29.82,60,44,4.4,VN,1703907638
549,broken hill,-31.95,141.4333,26.22,19,0,7.75,AU,1703907638
550,sinabang,2.4803,96.3801,27.07,84,100,2.86,ID,1703907639
551,thunder bay,48.4001,-89.3168,-4.05,93,0,1.03,CA,1703907558
552,inyati,-19.6756,28.8469,15.62,95,100,3.37,ZW,1703907639
553,yeniseysk,58.4497,92.1703,-2.25,94,97,4.02,RU,1703907639
554,petrovsk-zabaykal'skiy,51.273,108.843,-9.73,87,78,1.15,RU,1703907640
555,camana,-16.6228,-72.7111,21.53,87,95,2.1,PE,1703907640
556,n'zeto,-7.2312,12.8666,25.9,85,100,1.52,AO,1703907640
557,rio preto da eva,-2.6994,-59.6997,23.79,98,100,1.06,BR,1703907640
558,soio,-6.1349,12.3689,24.81,87,100,0.65,AO,1703907641
559,rio grande,-32.035,-52.0986,16.64,65,22,8.51,BR,1703907641
560,burutu,5.3509,5.5076,24.93,82,21,1.15,NG,1703907641
561,carahue,-38.7,-73.1667,11.0,82,1,0.47,CL,1703907641
562,magadi,12.9667,77.2333,23.09,70,85,4.89,IN,1703907642
563,boryeong,36.3493,126.5977,2.98,82,100,3.0,KR,1703907642
